Option;1A;1B;1D;1E;1G;1I;1K;1L
1;3E;3J;3I;3F;;3G;3L;3K
2;;3G;3I;3D;3J;3F;3L;3K
3;3E;3J;3I;3D;;3G;3L;3K
4;3E;3J;3I;3D;;3F;3L;3K
5;3E;3G;3I;3D;3J;3F;3L;3K
6;3E;3G;3J;3D;;3F;3L;3K
7;3E;3G;3I;3D;;3F;3L;3K
8;3E;3G;3J;3D;;3F;3L;3I
9;3E;3G;3J;3D;;3F;3I;3K
10;;3G;3I;3C;3J;3F;3L;3K
11;3E;3J;3I;3C;;3G;3L;3K
12;3E;3J;3I;3C;;3F;3L;3K
13;3E;3G;3I;3C;3J;3F;3L;3K
14;3E;3G;3J;3C;;3F;3L;3K
15;3E;3G;3I;3C;;3F;3L;3K
16;3E;3G;3J;3C;;3F;3L;3I
17;3E;3G;3J;3C;;3F;3I;3K
18;;3G;3I;3C;3J;3D;3L;3K
19;3C;3J;3I;3D;;3F;3L;3K
20;3C;3G;3I;3D;3J;3F;3L;3K
21;3C;3G;3J;3D;;3F;3L;3K
22;3C;3G;3I;3D;;3F;3L;3K
23;3C;3G;3J;3D;;3F;3L;3I
24;3C;3G;3J;3D;;3F;3I;3K
25;3E;3J;3I;3C;;3D;3L;3K
26;3E;3G;3I;3C;3J;3D;3L;3K
27;3E;3G;3J;3C;;3D;3L;3K
28;3E;3G;3I;3C;;3D;3L;3K
29;3E;3G;3J;3C;;3D;3L;3I
30;3E;3G;3J;3C;;3D;3I;3K
31;3C;3J;3E;3D;3I;3F;3L;3K
32;3C;3J;3E;3D;;3F;3L;3K
33;3C;3E;3I;3D;;3F;3L;3K
34;3C;3J;3E;3D;;3F;3L;3I
35;3C;3J;3E;3D;;3F;3I;3K
36;3C;3G;3E;3D;3J;3F;3L;3K
37;3C;3G;3E;3D;3I;3F;3L;3K
38;3C;3G;3E;3D;3J;3F;3L;3I
39;3C;3G;3E;3D;3J;3F;3I;3K
40;3C;3G;3E;3D;;3F;3L;3K
41;3C;3G;3J;3D;;3F;3L;3E
42;3C;3G;3J;3D;;3F;3E;3K
43;3C;3G;3E;3D;;3F;3L;3I
44;3C;3G;3E;3D;;3F;3I;3K
45;3C;3G;3J;3D;;3F;3E;3I
46;;3J;3B;3F;3I;3G;3L;3K
47;3E;3J;3I;3B;;3G;3L;3K
48;3E;3J;3B;3F;3I;;3L;3K
49;3E;3J;3B;3F;3I;3G;3L;3K
50;3E;3J;3B;3F;;3G;3L;3K
51;3E;3G;3B;3F;3I;;3L;3K
52;3E;3J;3B;3F;;3G;3L;3I
53;3E;3J;3B;3F;;3G;3I;3K
54;;3J;3B;3D;3I;3G;3L;3K
55;;3J;3B;3D;3I;3F;3L;3K
56;3I;3G;3B;3D;3J;3F;3L;3K
57;;3G;3B;3D;3J;3F;3L;3K
58;;3G;3B;3D;3I;3F;3L;3K
59;;3G;3B;3D;3J;3F;3L;3I
60;;3G;3B;3D;3J;3F;3I;3K
61;3E;3J;3B;3D;3I;;3L;3K
62;3E;3J;3B;3D;3I;3G;3L;3K
63;3E;3J;3B;3D;;3G;3L;3K
64;3E;3G;3B;3D;3I;;3L;3K
65;3E;3J;3B;3D;;3G;3L;3I
66;3E;3J;3B;3D;;3G;3I;3K
67;3E;3J;3B;3D;3I;3F;3L;3K
68;3E;3J;3B;3D;;3F;3L;3K
69;3E;3I;3B;3D;;3F;3L;3K
70;3E;3J;3B;3D;;3F;3L;3I
71;3E;3J;3B;3D;;3F;3I;3K
72;3E;3G;3B;3D;3J;3F;3L;3K
73;3E;3G;3B;3D;3I;3F;3L;3K
74;3E;3G;3B;3D;3J;3F;3L;3I
75;3E;3G;3B;3D;3J;3F;3I;3K
76;3E;3G;3B;3D;;3F;3L;3K
77;;3G;3B;3D;3J;3F;3L;3E
78;;3G;3B;3D;3J;3F;3E;3K
79;3E;3G;3B;3D;;3F;3L;3I
80;3E;3G;3B;3D;;3F;3I;3K
81;;3G;3B;3D;3J;3F;3E;3I
82;;3J;3B;3C;3I;3G;3L;3K
83;;3J;3B;3C;3I;3F;3L;3K
84;3I;3G;3B;3C;3J;3F;3L;3K
85;;3G;3B;3C;3J;3F;3L;3K
86;;3G;3B;3C;3I;3F;3L;3K
87;;3G;3B;3C;3J;3F;3L;3I
88;;3G;3B;3C;3J;3F;3I;3K
89;3E;3J;3B;3C;3I;;3L;3K
90;3E;3J;3B;3C;3I;3G;3L;3K
91;3E;3J;3B;3C;;3G;3L;3K
92;3E;3G;3B;3C;3I;;3L;3K
93;3E;3J;3B;3C;;3G;3L;3I
94;3E;3J;3B;3C;;3G;3I;3K
95;3E;3J;3B;3C;3I;3F;3L;3K
96;3E;3J;3B;3C;;3F;3L;3K
97;3E;3I;3B;3C;;3F;3L;3K
98;3E;3J;3B;3C;;3F;3L;3I
99;3E;3J;3B;3C;;3F;3I;3K
100;3E;3G;3B;3C;3J;3F;3L;3K
101;3E;3G;3B;3C;3I;3F;3L;3K
102;3E;3G;3B;3C;3J;3F;3L;3I
103;3E;3G;3B;3C;3J;3F;3I;3K
104;3E;3G;3B;3C;;3F;3L;3K
105;;3G;3B;3C;3J;3F;3L;3E
106;;3G;3B;3C;3J;3F;3E;3K
107;3E;3G;3B;3C;;3F;3L;3I
108;3E;3G;3B;3C;;3F;3I;3K
109;;3G;3B;3C;3J;3F;3E;3I
110;;3J;3B;3C;3I;3D;3L;3K
111;3I;3G;3B;3C;3J;3D;3L;3K
112;;3G;3B;3C;3J;3D;3L;3K
113;;3G;3B;3C;3I;3D;3L;3K
114;;3G;3B;3C;3J;3D;3L;3I
115;;3G;3B;3C;3J;3D;3I;3K
116;3C;3J;3B;3D;3I;3F;3L;3K
117;3C;3J;3B;3D;;3F;3L;3K
118;3C;3I;3B;3D;;3F;3L;3K
119;3C;3J;3B;3D;;3F;3L;3I
120;3C;3J;3B;3D;;3F;3I;3K
121;3C;3G;3B;3D;3J;3F;3L;3K
122;3C;3G;3B;3D;3I;3F;3L;3K
123;3C;3G;3B;3D;3J;3F;3L;3I
124;3C;3G;3B;3D;3J;3F;3I;3K
125;3C;3G;3B;3D;;3F;3L;3K
126;3C;3G;3B;3D;;3F;3L;3J
127;;3G;3B;3C;3J;3F;3D;3K
128;3C;3G;3B;3D;;3F;3L;3I
129;3C;3G;3B;3D;;3F;3I;3K
130;;3G;3B;3C;3J;3F;3D;3I
131;3E;3J;3B;3C;3I;3D;3L;3K
132;3E;3J;3B;3C;;3D;3L;3K
133;3E;3I;3B;3C;;3D;3L;3K
134;3E;3J;3B;3C;;3D;3L;3I
135;3E;3J;3B;3C;;3D;3I;3K
136;3E;3G;3B;3C;3J;3D;3L;3K
137;3E;3G;3B;3C;3I;3D;3L;3K
138;3E;3G;3B;3C;3J;3D;3L;3I
139;3E;3G;3B;3C;3J;3D;3I;3K
140;3E;3G;3B;3C;;3D;3L;3K
141;;3G;3B;3C;3J;3D;3L;3E
142;;3G;3B;3C;3J;3D;3E;3K
143;3E;3G;3B;3C;;3D;3L;3I
144;3E;3G;3B;3C;;3D;3I;3K
145;;3G;3B;3C;3J;3D;3E;3I
146;3C;3J;3B;3D;3E;3F;3L;3K
147;3C;3E;3B;3D;3I;3F;3L;3K
148;3C;3J;3B;3D;3E;3F;3L;3I
149;3C;3J;3B;3D;3E;3F;3I;3K
150;3C;3E;3B;3D;;3F;3L;3K
151;3C;3J;3B;3D;;3F;3L;3E
152;3C;3J;3B;3D;;3F;3E;3K
153;3C;3E;3B;3D;;3F;3L;3I
154;3C;3E;3B;3D;;3F;3I;3K
155;3C;3J;3B;3D;;3F;3E;3I
156;3C;3G;3B;3D;3E;3F;3L;3K
157;3C;3G;3B;3D;3J;3F;3L;3E
158;3C;3G;3B;3D;3J;3F;3E;3K
159;3C;3G;3B;3D;3E;3F;3L;3I
160;3C;3G;3B;3D;3E;3F;3I;3K
161;3C;3G;3B;3D;3J;3F;3E;3I
162;3C;3G;3B;3D;;3F;3L;3E
163;3C;3G;3B;3D;;3F;3E;3K
164;;3G;3B;3C;3J;3F;3D;3E
165;3C;3G;3B;3D;;3F;3E;3I
166;;3J;3I;3F;3A;3G;3L;3K
167;3E;3J;3I;3A;;3G;3L;3K
168;3E;3J;3I;3F;3A;;3L;3K
169;3E;3J;3I;3F;3A;3G;3L;3K
170;3E;3G;3J;3F;3A;;3L;3K
171;3E;3G;3I;3F;3A;;3L;3K
172;3E;3G;3J;3F;3A;;3L;3I
173;3E;3G;3J;3F;3A;;3I;3K
174;;3J;3I;3D;3A;3G;3L;3K
175;;3J;3I;3D;3A;3F;3L;3K
176;3I;3G;3J;3D;3A;3F;3L;3K
177;;3G;3J;3D;3A;3F;3L;3K
178;;3G;3I;3D;3A;3F;3L;3K
179;;3G;3J;3D;3A;3F;3L;3I
180;;3G;3J;3D;3A;3F;3I;3K
181;3E;3J;3I;3D;3A;;3L;3K
182;3E;3J;3I;3D;3A;3G;3L;3K
183;3E;3G;3J;3D;3A;;3L;3K
184;3E;3G;3I;3D;3A;;3L;3K
185;3E;3G;3J;3D;3A;;3L;3I
186;3E;3G;3J;3D;3A;;3I;3K
187;3E;3J;3I;3D;3A;3F;3L;3K
188;;3J;3E;3D;3A;3F;3L;3K
189;;3E;3I;3D;3A;3F;3L;3K
190;;3J;3E;3D;3A;3F;3L;3I
191;;3J;3E;3D;3A;3F;3I;3K
192;3E;3G;3J;3D;3A;3F;3L;3K
193;3E;3G;3I;3D;3A;3F;3L;3K
194;3E;3G;3J;3D;3A;3F;3L;3I
195;3E;3G;3J;3D;3A;3F;3I;3K
196;;3G;3E;3D;3A;3F;3L;3K
197;;3G;3J;3D;3A;3F;3L;3E
198;;3G;3J;3D;3A;3F;3E;3K
199;;3G;3E;3D;3A;3F;3L;3I
200;;3G;3E;3D;3A;3F;3I;3K
201;;3G;3J;3D;3A;3F;3E;3I
202;;3J;3I;3C;3A;3G;3L;3K
203;;3J;3I;3C;3A;3F;3L;3K
204;3I;3G;3J;3C;3A;3F;3L;3K
205;;3G;3J;3C;3A;3F;3L;3K
206;;3G;3I;3C;3A;3F;3L;3K
207;;3G;3J;3C;3A;3F;3L;3I
208;;3G;3J;3C;3A;3F;3I;3K
209;3E;3J;3I;3C;3A;;3L;3K
210;3E;3J;3I;3C;3A;3G;3L;3K
211;3E;3G;3J;3C;3A;;3L;3K
212;3E;3G;3I;3C;3A;;3L;3K
213;3E;3G;3J;3C;3A;;3L;3I
214;3E;3G;3J;3C;3A;;3I;3K
215;3E;3J;3I;3C;3A;3F;3L;3K
216;;3J;3E;3C;3A;3F;3L;3K
217;;3E;3I;3C;3A;3F;3L;3K
218;;3J;3E;3C;3A;3F;3L;3I
219;;3J;3E;3C;3A;3F;3I;3K
220;3E;3G;3J;3C;3A;3F;3L;3K
221;3E;3G;3I;3C;3A;3F;3L;3K
222;3E;3G;3J;3C;3A;3F;3L;3I
223;3E;3G;3J;3C;3A;3F;3I;3K
224;;3G;3E;3C;3A;3F;3L;3K
225;;3G;3J;3C;3A;3F;3L;3E
226;;3G;3J;3C;3A;3F;3E;3K
227;;3G;3E;3C;3A;3F;3L;3I
228;;3G;3E;3C;3A;3F;3I;3K
229;;3G;3J;3C;3A;3F;3E;3I
230;;3J;3I;3C;3A;3D;3L;3K
231;3I;3G;3J;3C;3A;3D;3L;3K
232;;3G;3J;3C;3A;3D;3L;3K
233;;3G;3I;3C;3A;3D;3L;3K
234;;3G;3J;3C;3A;3D;3L;3I
235;;3G;3J;3C;3A;3D;3I;3K
236;3C;3J;3I;3D;3A;3F;3L;3K
237;;3J;3F;3C;3A;3D;3L;3K
238;;3F;3I;3C;3A;3D;3L;3K
239;;3J;3F;3C;3A;3D;3L;3I
240;;3J;3F;3C;3A;3D;3I;3K
241;3C;3G;3J;3D;3A;3F;3L;3K
242;3C;3G;3I;3D;3A;3F;3L;3K
243;3C;3G;3J;3D;3A;3F;3L;3I
244;3C;3G;3J;3D;3A;3F;3I;3K
245;;3G;3F;3C;3A;3D;3L;3K
246;3C;3G;3J;3D;3A;3F;3L;
247;;3G;3J;3C;3A;3F;3D;3K
248;;3G;3F;3C;3A;3D;3L;3I
249;;3G;3F;3C;3A;3D;3I;3K
250;;3G;3J;3C;3A;3F;3D;3I
251;3E;3J;3I;3C;3A;3D;3L;3K
252;;3J;3E;3C;3A;3D;3L;3K
253;;3E;3I;3C;3A;3D;3L;3K
254;;3J;3E;3C;3A;3D;3L;3I
255;;3J;3E;3C;3A;3D;3I;3K
256;3E;3G;3J;3C;3A;3D;3L;3K
257;3E;3G;3I;3C;3A;3D;3L;3K
258;3E;3G;3J;3C;3A;3D;3L;3I
259;3E;3G;3J;3C;3A;3D;3I;3K
260;;3G;3E;3C;3A;3D;3L;3K
261;;3G;3J;3C;3A;3D;3L;3E
262;;3G;3J;3C;3A;3D;3E;3K
263;;3G;3E;3C;3A;3D;3L;3I
264;;3G;3E;3C;3A;3D;3I;3K
265;;3G;3J;3C;3A;3D;3E;3I
266;3C;3J;3E;3D;3A;3F;3L;3K
267;3C;3E;3I;3D;3A;3F;3L;3K
268;3C;3J;3E;3D;3A;3F;3L;3I
269;3C;3J;3E;3D;3A;3F;3I;3K
270;;3E;3F;3C;3A;3D;3L;3K
271;;3J;3F;3C;3A;3D;3L;3E
272;;3J;3E;3C;3A;3F;3D;3K
273;;3E;3F;3C;3A;3D;3L;3I
274;;3E;3F;3C;3A;3D;3I;3K
275;;3J;3E;3C;3A;3F;3D;3I
276;3C;3G;3E;3D;3A;3F;3L;3K
277;3C;3G;3J;3D;3A;3F;3L;3E
278;3C;3G;3J;3D;3A;3F;3E;3K
279;3C;3G;3E;3D;3A;3F;3L;3I
280;3C;3G;3E;3D;3A;3F;3I;3K
281;3C;3G;3J;3D;3A;3F;3E;3I
282;;3G;3F;3C;3A;3D;3L;3E
283;;3G;3E;3C;3A;3F;3D;3K
284;;3G;3J;3C;3A;3F;3D;3E
285;;3G;3E;3C;3A;3F;3D;3I
286;;3J;3B;3A;3I;3G;3L;3K
287;;3J;3B;3A;3I;3F;3L;3K
288;3I;3J;3B;3F;3A;3G;3L;3K
289;;3J;3B;3F;3A;3G;3L;3K
290;;3G;3B;3A;3I;3F;3L;3K
291;;3J;3B;3F;3A;3G;3L;3I
292;;3J;3B;3F;3A;3G;3I;3K
293;3E;3J;3B;3A;3I;;3L;3K
294;3E;3J;3B;3A;3I;3G;3L;3K
295;3E;3J;3B;3A;;3G;3L;3K
296;3E;3G;3B;3A;3I;;3L;3K
297;3E;3J;3B;3A;;3G;3L;3I
298;3E;3J;3B;3A;;3G;3I;3K
299;3E;3J;3B;3A;3I;3F;3L;3K
300;3E;3J;3B;3F;3A;;3L;3K
301;3E;3I;3B;3F;3A;;3L;3K
302;3E;3J;3B;3F;3A;;3L;3I
303;3E;3J;3B;3F;3A;;3I;3K
304;3E;3J;3B;3F;3A;3G;3L;3K
305;3E;3G;3B;3A;3I;3F;3L;3K
306;3E;3J;3B;3F;3A;3G;3L;3I
307;3E;3J;3B;3F;3A;3G;3I;3K
308;3E;3G;3B;3F;3A;;3L;3K
309;;3J;3B;3F;3A;3G;3L;3E
310;;3J;3B;3F;3A;3G;3E;3K
311;3E;3G;3B;3F;3A;;3L;3I
312;3E;3G;3B;3F;3A;;3I;3K
313;;3J;3B;3F;3A;3G;3E;3I
314;3I;3J;3B;3D;3A;;3L;3K
315;3I;3J;3B;3D;3A;3G;3L;3K
316;;3J;3B;3D;3A;3G;3L;3K
317;3I;3G;3B;3D;3A;;3L;3K
318;;3J;3B;3D;3A;3G;3L;3I
319;;3J;3B;3D;3A;3G;3I;3K
320;3I;3J;3B;3D;3A;3F;3L;3K
321;;3J;3B;3D;3A;3F;3L;3K
322;;3I;3B;3D;3A;3F;3L;3K
323;;3J;3B;3D;3A;3F;3L;3I
324;;3J;3B;3D;3A;3F;3I;3K
325;3F;3J;3B;3D;3A;3G;3L;3K
326;3I;3G;3B;3D;3A;3F;3L;3K
327;3F;3J;3B;3D;3A;3G;3L;3I
328;3F;3J;3B;3D;3A;3G;3I;3K
329;;3G;3B;3D;3A;3F;3L;3K
330;;3G;3B;3D;3A;3F;3L;3J
331;;3G;3B;3D;3A;3F;3J;3K
332;;3G;3B;3D;3A;3F;3L;3I
333;;3G;3B;3D;3A;3F;3I;3K
334;;3G;3B;3D;3A;3F;3I;3J
335;3E;3J;3B;3A;3I;3D;3L;3K
336;3E;3J;3B;3D;3A;;3L;3K
337;3E;3I;3B;3D;3A;;3L;3K
338;3E;3J;3B;3D;3A;;3L;3I
339;3E;3J;3B;3D;3A;;3I;3K
340;3E;3J;3B;3D;3A;3G;3L;3K
341;3E;3G;3B;3A;3I;3D;3L;3K
342;3E;3J;3B;3D;3A;3G;3L;3I
343;3E;3J;3B;3D;3A;3G;3I;3K
344;3E;3G;3B;3D;3A;;3L;3K
345;;3J;3B;3D;3A;3G;3L;3E
346;;3J;3B;3D;3A;3G;3E;3K
347;3E;3G;3B;3D;3A;;3L;3I
348;3E;3G;3B;3D;3A;;3I;3K
349;;3J;3B;3D;3A;3G;3E;3I
350;3E;3J;3B;3D;3A;3F;3L;3K
351;3E;3I;3B;3D;3A;3F;3L;3K
352;3E;3J;3B;3D;3A;3F;3L;3I
353;3E;3J;3B;3D;3A;3F;3I;3K
354;;3E;3B;3D;3A;3F;3L;3K
355;;3J;3B;3D;3A;3F;3L;3E
356;;3J;3B;3D;3A;3F;3E;3K
357;;3E;3B;3D;3A;3F;3L;3I
358;;3E;3B;3D;3A;3F;3I;3K
359;;3J;3B;3D;3A;3F;3E;3I
360;3E;3G;3B;3D;3A;3F;3L;3K
361;3E;3G;3B;3D;3A;3F;3L;3J
362;3E;3G;3B;3D;3A;3F;3J;3K
363;3E;3G;3B;3D;3A;3F;3L;3I
364;3E;3G;3B;3D;3A;3F;3I;3K
365;3E;3G;3B;3D;3A;3F;3I;3J
366;;3G;3B;3D;3A;3F;3L;3E
367;;3G;3B;3D;3A;3F;3E;3K
368;;3G;3B;3D;3A;3F;3E;3J
369;;3G;3B;3D;3A;3F;3E;3I
370;3I;3J;3B;3C;3A;;3L;3K
371;3I;3J;3B;3C;3A;3G;3L;3K
372;;3J;3B;3C;3A;3G;3L;3K
373;3I;3G;3B;3C;3A;;3L;3K
374;;3J;3B;3C;3A;3G;3L;3I
375;;3J;3B;3C;3A;3G;3I;3K
376;3I;3J;3B;3C;3A;3F;3L;3K
377;;3J;3B;3C;3A;3F;3L;3K
378;;3I;3B;3C;3A;3F;3L;3K
379;;3J;3B;3C;3A;3F;3L;3I
380;;3J;3B;3C;3A;3F;3I;3K
381;3C;3J;3B;3F;3A;3G;3L;3K
382;3I;3G;3B;3C;3A;3F;3L;3K
383;3C;3J;3B;3F;3A;3G;3L;3I
384;3C;3J;3B;3F;3A;3G;3I;3K
385;;3G;3B;3C;3A;3F;3L;3K
386;;3G;3B;3C;3A;3F;3L;3J
387;;3G;3B;3C;3A;3F;3J;3K
388;;3G;3B;3C;3A;3F;3L;3I
389;;3G;3B;3C;3A;3F;3I;3K
390;;3G;3B;3C;3A;3F;3I;3J
391;3E;3J;3B;3A;3I;3C;3L;3K
392;3E;3J;3B;3C;3A;;3L;3K
393;3E;3I;3B;3C;3A;;3L;3K
394;3E;3J;3B;3C;3A;;3L;3I
395;3E;3J;3B;3C;3A;;3I;3K
396;3E;3J;3B;3C;3A;3G;3L;3K
397;3E;3G;3B;3A;3I;3C;3L;3K
398;3E;3J;3B;3C;3A;3G;3L;3I
399;3E;3J;3B;3C;3A;3G;3I;3K
400;3E;3G;3B;3C;3A;;3L;3K
401;;3J;3B;3C;3A;3G;3L;3E
402;;3J;3B;3C;3A;3G;3E;3K
403;3E;3G;3B;3C;3A;;3L;3I
404;3E;3G;3B;3C;3A;;3I;3K
405;;3J;3B;3C;3A;3G;3E;3I
406;3E;3J;3B;3C;3A;3F;3L;3K
407;3E;3I;3B;3C;3A;3F;3L;3K
408;3E;3J;3B;3C;3A;3F;3L;3I
409;3E;3J;3B;3C;3A;3F;3I;3K
410;;3E;3B;3C;3A;3F;3L;3K
411;;3J;3B;3C;3A;3F;3L;3E
412;;3J;3B;3C;3A;3F;3E;3K
413;;3E;3B;3C;3A;3F;3L;3I
414;;3E;3B;3C;3A;3F;3I;3K
415;;3J;3B;3C;3A;3F;3E;3I
416;3E;3G;3B;3C;3A;3F;3L;3K
417;3E;3G;3B;3C;3A;3F;3L;3J
418;3E;3G;3B;3C;3A;3F;3J;3K
419;3E;3G;3B;3C;3A;3F;3L;3I
420;3E;3G;3B;3C;3A;3F;3I;3K
421;3E;3G;3B;3C;3A;3F;3I;3J
422;;3G;3B;3C;3A;3F;3L;3E
423;;3G;3B;3C;3A;3F;3E;3K
424;;3G;3B;3C;3A;3F;3E;3J
425;;3G;3B;3C;3A;3F;3E;3I
426;3I;3J;3B;3C;3A;3D;3L;3K
427;;3J;3B;3C;3A;3D;3L;3K
428;;3I;3B;3C;3A;3D;3L;3K
429;;3J;3B;3C;3A;3D;3L;3I
430;;3J;3B;3C;3A;3D;3I;3K
431;3C;3J;3B;3D;3A;3G;3L;3K
432;3I;3G;3B;3C;3A;3D;3L;3K
433;3C;3J;3B;3D;3A;3G;3L;3I
434;3C;3J;3B;3D;3A;3G;3I;3K
435;;3G;3B;3C;3A;3D;3L;3K
436;;3G;3B;3C;3A;3D;3L;3J
437;;3G;3B;3C;3A;3D;3J;3K
438;;3G;3B;3C;3A;3D;3L;3I
439;;3G;3B;3C;3A;3D;3I;3K
440;;3G;3B;3C;3A;3D;3I;3J
441;3C;3J;3B;3D;3A;3F;3L;3K
442;3C;3I;3B;3D;3A;3F;3L;3K
443;3C;3J;3B;3D;3A;3F;3L;3I
444;3C;3J;3B;3D;3A;3F;3I;3K
445;;3F;3B;3C;3A;3D;3L;3K
446;3C;3J;3B;3D;3A;3F;3L;
447;;3J;3B;3C;3A;3F;3D;3K
448;;3F;3B;3C;3A;3D;3L;3I
449;;3F;3B;3C;3A;3D;3I;3K
450;;3J;3B;3C;3A;3F;3D;3I
451;3C;3G;3B;3D;3A;3F;3L;3K
452;3C;3G;3B;3D;3A;3F;3L;3J
453;3C;3G;3B;3D;3A;3F;3J;3K
454;3C;3G;3B;3D;3A;3F;3L;3I
455;3C;3G;3B;3D;3A;3F;3I;3K
456;3C;3G;3B;3D;3A;3F;3I;3J
457;3C;3G;3B;3D;3A;3F;3L;
458;;3G;3B;3C;3A;3F;3D;3K
459;;3G;3B;3C;3A;3F;3D;3J
460;;3G;3B;3C;3A;3F;3D;3I
461;3E;3J;3B;3C;3A;3D;3L;3K
462;3E;3I;3B;3C;3A;3D;3L;3K
463;3E;3J;3B;3C;3A;3D;3L;3I
464;3E;3J;3B;3C;3A;3D;3I;3K
465;;3E;3B;3C;3A;3D;3L;3K
466;;3J;3B;3C;3A;3D;3L;3E
467;;3J;3B;3C;3A;3D;3E;3K
468;;3E;3B;3C;3A;3D;3L;3I
469;;3E;3B;3C;3A;3D;3I;3K
470;;3J;3B;3C;3A;3D;3E;3I
471;3E;3G;3B;3C;3A;3D;3L;3K
472;3E;3G;3B;3C;3A;3D;3L;3J
473;3E;3G;3B;3C;3A;3D;3J;3K
474;3E;3G;3B;3C;3A;3D;3L;3I
475;3E;3G;3B;3C;3A;3D;3I;3K
476;3E;3G;3B;3C;3A;3D;3I;3J
477;;3G;3B;3C;3A;3D;3L;3E
478;;3G;3B;3C;3A;3D;3E;3K
479;;3G;3B;3C;3A;3D;3E;3J
480;;3G;3B;3C;3A;3D;3E;3I
481;3C;3E;3B;3D;3A;3F;3L;3K
482;3C;3J;3B;3D;3A;3F;3L;3E
483;3C;3J;3B;3D;3A;3F;3E;3K
484;3C;3E;3B;3D;3A;3F;3L;3I
485;3C;3E;3B;3D;3A;3F;3I;3K
486;3C;3J;3B;3D;3A;3F;3E;3I
487;;3F;3B;3C;3A;3D;3L;3E
488;;3E;3B;3C;3A;3F;3D;3K
489;;3J;3B;3C;3A;3F;3D;3E
490;;3E;3B;3C;3A;3F;3D;3I
491;3C;3G;3B;3D;3A;3F;3L;3E
492;3C;3G;3B;3D;3A;3F;3E;3K
493;3C;3G;3B;3D;3A;3F;3E;3J
494;3C;3G;3B;3D;3A;3F;3E;3I
495;;3G;3B;3C;3A;3F;3D;3E